DELETE FROM counter
WHERE ID_STACK IN (SELECT id
                   FROM stack
                   WHERE ID_GAME = 1);
DELETE FROM stack
WHERE ID_GAME = 1;
DELETE FROM d_attribute
WHERE ID_DIFF IN (SELECT id
                  FROM d_diff
                  WHERE ID_GAME = 1);
DELETE FROM d_diff
WHERE ID_GAME = 1;

DELETE FROM C_MESSAGE_GLOBAL
WHERE ID_C_ROOM_GLOBAL IN (SELECT ID
                           FROM C_ROOM_GLOBAL
                           WHERE ID_GAME = 1);

DELETE FROM C_ROOM_GLOBAL
WHERE ID_GAME = 1;

DELETE FROM C_MESSAGE
WHERE ID_COUNTRY IN (SELECT ID
                     FROM COUNTRY
                     WHERE ID_GAME = 1);

DELETE FROM C_CHAT
WHERE ID_C_ROOM IN (SELECT ID
                    FROM C_ROOM
                    WHERE ID_GAME = 1);

DELETE FROM C_PRESENT
WHERE ID_C_ROOM IN (SELECT ID
                    FROM C_ROOM
                    WHERE ID_GAME = 1);

DELETE FROM C_ROOM
WHERE ID_GAME = 1;

DELETE FROM COUNTRY;

DELETE FROM T_TRADE;

UPDATE game
SET TURN = 1;
UPDATE game
SET version = 1;

INSERT INTO COUNTRY (ID, ID_GAME, NAME, USERNAME, DTI, DTI_MAX, FTI, FTI_MAX)
VALUES (1, 1, 'france', 'Sato', 2, 2, 1, 1);
INSERT INTO COUNTRY (ID, ID_GAME, NAME, USERNAME, DTI, DTI_MAX, FTI, FTI_MAX)
VALUES (2, 1, 'angleterre', 'Boka', 1, 1, 2, 2);
INSERT INTO COUNTRY (ID, ID_GAME, NAME, USERNAME, DTI, DTI_MAX, FTI, FTI_MAX)
VALUES (3, 1, 'espagne', 'MKL', 1, 1, 2, 2);
INSERT INTO COUNTRY (ID, ID_GAME, NAME, USERNAME, DTI, DTI_MAX, FTI, FTI_MAX)
VALUES (4, 1, 'portugal', 'Max', 3, 3, 2, 2);
INSERT INTO COUNTRY (ID, ID_GAME, NAME, USERNAME, DTI, DTI_MAX, FTI, FTI_MAX)
VALUES (5, 1, 'turquie', 'Jym', 3, 3, 2, 2);
INSERT INTO COUNTRY (ID, ID_GAME, NAME, USERNAME, DTI, DTI_MAX, FTI, FTI_MAX)
VALUES (6, 1, 'venise', 'Nico', 3, 3, 3, 3);
INSERT INTO COUNTRY (ID, ID_GAME, NAME, USERNAME, DTI, DTI_MAX, FTI, FTI_MAX)
VALUES (7, 1, 'pologne', 'Ben', 1, 1, 1, 1);
INSERT INTO COUNTRY (ID, ID_GAME, NAME, USERNAME, DTI, DTI_MAX, FTI, FTI_MAX)
VALUES (8, 1, 'russie', 'Silver', 1, 1, 1, 1);

INSERT INTO T_TRADE (ID, COUNTRY_VALUE, MIN_VALUE, MAX_VALUE, VALUE, FOREIGN_TRADE)
VALUES (1, 1, NULL, 49, 30, 1);
INSERT INTO T_TRADE (ID, COUNTRY_VALUE, MIN_VALUE, MAX_VALUE, VALUE, FOREIGN_TRADE)
VALUES (2, 1, 50, 99, 27, 1);
INSERT INTO T_TRADE (ID, COUNTRY_VALUE, MIN_VALUE, MAX_VALUE, VALUE, FOREIGN_TRADE)
VALUES (3, 1, 100, 149, 24, 1);
INSERT INTO T_TRADE (ID, COUNTRY_VALUE, MIN_VALUE, MAX_VALUE, VALUE, FOREIGN_TRADE)
VALUES (4, 1, 150, 199, 21, 1);
INSERT INTO T_TRADE (ID, COUNTRY_VALUE, MIN_VALUE, MAX_VALUE, VALUE, FOREIGN_TRADE)
VALUES (5, 1, 200, 299, 18, 1);
INSERT INTO T_TRADE (ID, COUNTRY_VALUE, MIN_VALUE, MAX_VALUE, VALUE, FOREIGN_TRADE)
VALUES (6, 1, 300, 399, 15, 1);
INSERT INTO T_TRADE (ID, COUNTRY_VALUE, MIN_VALUE, MAX_VALUE, VALUE, FOREIGN_TRADE)
VALUES (7, 1, 400, 549, 12, 1);
INSERT INTO T_TRADE (ID, COUNTRY_VALUE, MIN_VALUE, MAX_VALUE, VALUE, FOREIGN_TRADE)
VALUES (8, 1, 550, 699, 9, 1);
INSERT INTO T_TRADE (ID, COUNTRY_VALUE, MIN_VALUE, MAX_VALUE, VALUE, FOREIGN_TRADE)
VALUES (9, 1, 700, 899, 6, 1);
INSERT INTO T_TRADE (ID, COUNTRY_VALUE, MIN_VALUE, MAX_VALUE, VALUE, FOREIGN_TRADE)
VALUES (10, 1, 900, 1099, 3, 1);
INSERT INTO T_TRADE (ID, COUNTRY_VALUE, MIN_VALUE, MAX_VALUE, VALUE, FOREIGN_TRADE)
VALUES (11, 1, 1100, NULL, 1, 1);
INSERT INTO T_TRADE (ID, COUNTRY_VALUE, MIN_VALUE, MAX_VALUE, VALUE, FOREIGN_TRADE)
VALUES (12, 2, NULL, 49, 60, 1);
INSERT INTO T_TRADE (ID, COUNTRY_VALUE, MIN_VALUE, MAX_VALUE, VALUE, FOREIGN_TRADE)
VALUES (13, 2, 50, 99, 54, 1);
INSERT INTO T_TRADE (ID, COUNTRY_VALUE, MIN_VALUE, MAX_VALUE, VALUE, FOREIGN_TRADE)
VALUES (14, 2, 100, 149, 48, 1);
INSERT INTO T_TRADE (ID, COUNTRY_VALUE, MIN_VALUE, MAX_VALUE, VALUE, FOREIGN_TRADE)
VALUES (15, 2, 150, 199, 42, 1);
INSERT INTO T_TRADE (ID, COUNTRY_VALUE, MIN_VALUE, MAX_VALUE, VALUE, FOREIGN_TRADE)
VALUES (16, 2, 200, 299, 36, 1);
INSERT INTO T_TRADE (ID, COUNTRY_VALUE, MIN_VALUE, MAX_VALUE, VALUE, FOREIGN_TRADE)
VALUES (17, 2, 300, 399, 30, 1);
INSERT INTO T_TRADE (ID, COUNTRY_VALUE, MIN_VALUE, MAX_VALUE, VALUE, FOREIGN_TRADE)
VALUES (18, 2, 400, 549, 24, 1);
INSERT INTO T_TRADE (ID, COUNTRY_VALUE, MIN_VALUE, MAX_VALUE, VALUE, FOREIGN_TRADE)
VALUES (19, 2, 550, 699, 18, 1);
INSERT INTO T_TRADE (ID, COUNTRY_VALUE, MIN_VALUE, MAX_VALUE, VALUE, FOREIGN_TRADE)
VALUES (20, 2, 700, 899, 12, 1);
INSERT INTO T_TRADE (ID, COUNTRY_VALUE, MIN_VALUE, MAX_VALUE, VALUE, FOREIGN_TRADE)
VALUES (21, 2, 900, 1099, 6, 1);
INSERT INTO T_TRADE (ID, COUNTRY_VALUE, MIN_VALUE, MAX_VALUE, VALUE, FOREIGN_TRADE)
VALUES (22, 2, 1100, NULL, 2, 1);
INSERT INTO T_TRADE (ID, COUNTRY_VALUE, MIN_VALUE, MAX_VALUE, VALUE, FOREIGN_TRADE)
VALUES (23, 3, NULL, 49, 90, 1);
INSERT INTO T_TRADE (ID, COUNTRY_VALUE, MIN_VALUE, MAX_VALUE, VALUE, FOREIGN_TRADE)
VALUES (24, 3, 50, 99, 81, 1);
INSERT INTO T_TRADE (ID, COUNTRY_VALUE, MIN_VALUE, MAX_VALUE, VALUE, FOREIGN_TRADE)
VALUES (25, 3, 100, 149, 72, 1);
INSERT INTO T_TRADE (ID, COUNTRY_VALUE, MIN_VALUE, MAX_VALUE, VALUE, FOREIGN_TRADE)
VALUES (26, 3, 150, 199, 63, 1);
INSERT INTO T_TRADE (ID, COUNTRY_VALUE, MIN_VALUE, MAX_VALUE, VALUE, FOREIGN_TRADE)
VALUES (27, 3, 200, 299, 54, 1);
INSERT INTO T_TRADE (ID, COUNTRY_VALUE, MIN_VALUE, MAX_VALUE, VALUE, FOREIGN_TRADE)
VALUES (28, 3, 300, 399, 45, 1);
INSERT INTO T_TRADE (ID, COUNTRY_VALUE, MIN_VALUE, MAX_VALUE, VALUE, FOREIGN_TRADE)
VALUES (29, 3, 400, 549, 36, 1);
INSERT INTO T_TRADE (ID, COUNTRY_VALUE, MIN_VALUE, MAX_VALUE, VALUE, FOREIGN_TRADE)
VALUES (30, 3, 550, 699, 27, 1);
INSERT INTO T_TRADE (ID, COUNTRY_VALUE, MIN_VALUE, MAX_VALUE, VALUE, FOREIGN_TRADE)
VALUES (31, 3, 700, 899, 18, 1);
INSERT INTO T_TRADE (ID, COUNTRY_VALUE, MIN_VALUE, MAX_VALUE, VALUE, FOREIGN_TRADE)
VALUES (32, 3, 900, 1099, 9, 1);
INSERT INTO T_TRADE (ID, COUNTRY_VALUE, MIN_VALUE, MAX_VALUE, VALUE, FOREIGN_TRADE)
VALUES (33, 3, 1100, NULL, 3, 1);
INSERT INTO T_TRADE (ID, COUNTRY_VALUE, MIN_VALUE, MAX_VALUE, VALUE, FOREIGN_TRADE)
VALUES (34, 4, NULL, 49, 120, 1);
INSERT INTO T_TRADE (ID, COUNTRY_VALUE, MIN_VALUE, MAX_VALUE, VALUE, FOREIGN_TRADE)
VALUES (35, 4, 50, 99, 108, 1);
INSERT INTO T_TRADE (ID, COUNTRY_VALUE, MIN_VALUE, MAX_VALUE, VALUE, FOREIGN_TRADE)
VALUES (36, 4, 100, 149, 96, 1);
INSERT INTO T_TRADE (ID, COUNTRY_VALUE, MIN_VALUE, MAX_VALUE, VALUE, FOREIGN_TRADE)
VALUES (37, 4, 150, 199, 84, 1);
INSERT INTO T_TRADE (ID, COUNTRY_VALUE, MIN_VALUE, MAX_VALUE, VALUE, FOREIGN_TRADE)
VALUES (38, 4, 200, 299, 72, 1);
INSERT INTO T_TRADE (ID, COUNTRY_VALUE, MIN_VALUE, MAX_VALUE, VALUE, FOREIGN_TRADE)
VALUES (39, 4, 300, 399, 60, 1);
INSERT INTO T_TRADE (ID, COUNTRY_VALUE, MIN_VALUE, MAX_VALUE, VALUE, FOREIGN_TRADE)
VALUES (40, 4, 400, 549, 48, 1);
INSERT INTO T_TRADE (ID, COUNTRY_VALUE, MIN_VALUE, MAX_VALUE, VALUE, FOREIGN_TRADE)
VALUES (41, 4, 550, 699, 36, 1);
INSERT INTO T_TRADE (ID, COUNTRY_VALUE, MIN_VALUE, MAX_VALUE, VALUE, FOREIGN_TRADE)
VALUES (42, 4, 700, 899, 24, 1);
INSERT INTO T_TRADE (ID, COUNTRY_VALUE, MIN_VALUE, MAX_VALUE, VALUE, FOREIGN_TRADE)
VALUES (43, 4, 900, 1099, 12, 1);
INSERT INTO T_TRADE (ID, COUNTRY_VALUE, MIN_VALUE, MAX_VALUE, VALUE, FOREIGN_TRADE)
VALUES (44, 4, 1100, NULL, 4, 1);
INSERT INTO T_TRADE (ID, COUNTRY_VALUE, MIN_VALUE, MAX_VALUE, VALUE, FOREIGN_TRADE)
VALUES (45, 5, NULL, 49, 150, 1);
INSERT INTO T_TRADE (ID, COUNTRY_VALUE, MIN_VALUE, MAX_VALUE, VALUE, FOREIGN_TRADE)
VALUES (46, 5, 50, 99, 135, 1);
INSERT INTO T_TRADE (ID, COUNTRY_VALUE, MIN_VALUE, MAX_VALUE, VALUE, FOREIGN_TRADE)
VALUES (47, 5, 100, 149, 120, 1);
INSERT INTO T_TRADE (ID, COUNTRY_VALUE, MIN_VALUE, MAX_VALUE, VALUE, FOREIGN_TRADE)
VALUES (48, 5, 150, 199, 105, 1);
INSERT INTO T_TRADE (ID, COUNTRY_VALUE, MIN_VALUE, MAX_VALUE, VALUE, FOREIGN_TRADE)
VALUES (49, 5, 200, 299, 90, 1);
INSERT INTO T_TRADE (ID, COUNTRY_VALUE, MIN_VALUE, MAX_VALUE, VALUE, FOREIGN_TRADE)
VALUES (50, 5, 300, 399, 75, 1);
INSERT INTO T_TRADE (ID, COUNTRY_VALUE, MIN_VALUE, MAX_VALUE, VALUE, FOREIGN_TRADE)
VALUES (51, 5, 400, 549, 60, 1);
INSERT INTO T_TRADE (ID, COUNTRY_VALUE, MIN_VALUE, MAX_VALUE, VALUE, FOREIGN_TRADE)
VALUES (52, 5, 550, 699, 45, 1);
INSERT INTO T_TRADE (ID, COUNTRY_VALUE, MIN_VALUE, MAX_VALUE, VALUE, FOREIGN_TRADE)
VALUES (53, 5, 700, 899, 30, 1);
INSERT INTO T_TRADE (ID, COUNTRY_VALUE, MIN_VALUE, MAX_VALUE, VALUE, FOREIGN_TRADE)
VALUES (54, 5, 900, 1099, 15, 1);
INSERT INTO T_TRADE (ID, COUNTRY_VALUE, MIN_VALUE, MAX_VALUE, VALUE, FOREIGN_TRADE)
VALUES (55, 5, 1100, NULL, 5, 1);

INSERT INTO T_TRADE (ID, COUNTRY_VALUE, MIN_VALUE, MAX_VALUE, VALUE, FOREIGN_TRADE)
VALUES (56, 1, NULL, 40, 1, 0);
INSERT INTO T_TRADE (ID, COUNTRY_VALUE, MIN_VALUE, MAX_VALUE, VALUE, FOREIGN_TRADE)
VALUES (57, 1, 41, 80, 3, 0);
INSERT INTO T_TRADE (ID, COUNTRY_VALUE, MIN_VALUE, MAX_VALUE, VALUE, FOREIGN_TRADE)
VALUES (58, 1, 81, 120, 5, 0);
INSERT INTO T_TRADE (ID, COUNTRY_VALUE, MIN_VALUE, MAX_VALUE, VALUE, FOREIGN_TRADE)
VALUES (59, 1, 121, 160, 7, 0);
INSERT INTO T_TRADE (ID, COUNTRY_VALUE, MIN_VALUE, MAX_VALUE, VALUE, FOREIGN_TRADE)
VALUES (60, 1, 161, 190, 9, 0);
INSERT INTO T_TRADE (ID, COUNTRY_VALUE, MIN_VALUE, MAX_VALUE, VALUE, FOREIGN_TRADE)
VALUES (61, 1, 191, 220, 12, 0);
INSERT INTO T_TRADE (ID, COUNTRY_VALUE, MIN_VALUE, MAX_VALUE, VALUE, FOREIGN_TRADE)
VALUES (62, 1, 221, 240, 15, 0);
INSERT INTO T_TRADE (ID, COUNTRY_VALUE, MIN_VALUE, MAX_VALUE, VALUE, FOREIGN_TRADE)
VALUES (63, 1, 241, 250, 18, 0);
INSERT INTO T_TRADE (ID, COUNTRY_VALUE, MIN_VALUE, MAX_VALUE, VALUE, FOREIGN_TRADE)
VALUES (64, 1, 251, NULL, 20, 0);
INSERT INTO T_TRADE (ID, COUNTRY_VALUE, MIN_VALUE, MAX_VALUE, VALUE, FOREIGN_TRADE)
VALUES (65, 2, NULL, 40, 2, 0);
INSERT INTO T_TRADE (ID, COUNTRY_VALUE, MIN_VALUE, MAX_VALUE, VALUE, FOREIGN_TRADE)
VALUES (66, 2, 41, 80, 6, 0);
INSERT INTO T_TRADE (ID, COUNTRY_VALUE, MIN_VALUE, MAX_VALUE, VALUE, FOREIGN_TRADE)
VALUES (67, 2, 81, 120, 10, 0);
INSERT INTO T_TRADE (ID, COUNTRY_VALUE, MIN_VALUE, MAX_VALUE, VALUE, FOREIGN_TRADE)
VALUES (68, 2, 121, 160, 14, 0);
INSERT INTO T_TRADE (ID, COUNTRY_VALUE, MIN_VALUE, MAX_VALUE, VALUE, FOREIGN_TRADE)
VALUES (69, 2, 161, 190, 18, 0);
INSERT INTO T_TRADE (ID, COUNTRY_VALUE, MIN_VALUE, MAX_VALUE, VALUE, FOREIGN_TRADE)
VALUES (70, 2, 191, 220, 24, 0);
INSERT INTO T_TRADE (ID, COUNTRY_VALUE, MIN_VALUE, MAX_VALUE, VALUE, FOREIGN_TRADE)
VALUES (71, 2, 221, 240, 30, 0);
INSERT INTO T_TRADE (ID, COUNTRY_VALUE, MIN_VALUE, MAX_VALUE, VALUE, FOREIGN_TRADE)
VALUES (72, 2, 241, 250, 36, 0);
INSERT INTO T_TRADE (ID, COUNTRY_VALUE, MIN_VALUE, MAX_VALUE, VALUE, FOREIGN_TRADE)
VALUES (73, 2, 251, NULL, 40, 0);
INSERT INTO T_TRADE (ID, COUNTRY_VALUE, MIN_VALUE, MAX_VALUE, VALUE, FOREIGN_TRADE)
VALUES (74, 3, NULL, 40, 3, 0);
INSERT INTO T_TRADE (ID, COUNTRY_VALUE, MIN_VALUE, MAX_VALUE, VALUE, FOREIGN_TRADE)
VALUES (75, 3, 41, 80, 9, 0);
INSERT INTO T_TRADE (ID, COUNTRY_VALUE, MIN_VALUE, MAX_VALUE, VALUE, FOREIGN_TRADE)
VALUES (76, 3, 81, 120, 15, 0);
INSERT INTO T_TRADE (ID, COUNTRY_VALUE, MIN_VALUE, MAX_VALUE, VALUE, FOREIGN_TRADE)
VALUES (77, 3, 121, 160, 21, 0);
INSERT INTO T_TRADE (ID, COUNTRY_VALUE, MIN_VALUE, MAX_VALUE, VALUE, FOREIGN_TRADE)
VALUES (78, 3, 161, 190, 27, 0);
INSERT INTO T_TRADE (ID, COUNTRY_VALUE, MIN_VALUE, MAX_VALUE, VALUE, FOREIGN_TRADE)
VALUES (79, 3, 191, 220, 36, 0);
INSERT INTO T_TRADE (ID, COUNTRY_VALUE, MIN_VALUE, MAX_VALUE, VALUE, FOREIGN_TRADE)
VALUES (80, 3, 221, 240, 45, 0);
INSERT INTO T_TRADE (ID, COUNTRY_VALUE, MIN_VALUE, MAX_VALUE, VALUE, FOREIGN_TRADE)
VALUES (81, 3, 241, 250, 54, 0);
INSERT INTO T_TRADE (ID, COUNTRY_VALUE, MIN_VALUE, MAX_VALUE, VALUE, FOREIGN_TRADE)
VALUES (82, 3, 251, NULL, 60, 0);
INSERT INTO T_TRADE (ID, COUNTRY_VALUE, MIN_VALUE, MAX_VALUE, VALUE, FOREIGN_TRADE)
VALUES (83, 4, NULL, 40, 4, 0);
INSERT INTO T_TRADE (ID, COUNTRY_VALUE, MIN_VALUE, MAX_VALUE, VALUE, FOREIGN_TRADE)
VALUES (84, 4, 41, 80, 12, 0);
INSERT INTO T_TRADE (ID, COUNTRY_VALUE, MIN_VALUE, MAX_VALUE, VALUE, FOREIGN_TRADE)
VALUES (85, 4, 81, 120, 20, 0);
INSERT INTO T_TRADE (ID, COUNTRY_VALUE, MIN_VALUE, MAX_VALUE, VALUE, FOREIGN_TRADE)
VALUES (86, 4, 121, 160, 28, 0);
INSERT INTO T_TRADE (ID, COUNTRY_VALUE, MIN_VALUE, MAX_VALUE, VALUE, FOREIGN_TRADE)
VALUES (87, 4, 161, 190, 36, 0);
INSERT INTO T_TRADE (ID, COUNTRY_VALUE, MIN_VALUE, MAX_VALUE, VALUE, FOREIGN_TRADE)
VALUES (88, 4, 191, 220, 48, 0);
INSERT INTO T_TRADE (ID, COUNTRY_VALUE, MIN_VALUE, MAX_VALUE, VALUE, FOREIGN_TRADE)
VALUES (89, 4, 221, 240, 60, 0);
INSERT INTO T_TRADE (ID, COUNTRY_VALUE, MIN_VALUE, MAX_VALUE, VALUE, FOREIGN_TRADE)
VALUES (90, 4, 241, 250, 72, 0);
INSERT INTO T_TRADE (ID, COUNTRY_VALUE, MIN_VALUE, MAX_VALUE, VALUE, FOREIGN_TRADE)
VALUES (91, 4, 251, NULL, 80, 0);
INSERT INTO T_TRADE (ID, COUNTRY_VALUE, MIN_VALUE, MAX_VALUE, VALUE, FOREIGN_TRADE)
VALUES (92, 5, NULL, 40, 5, 0);
INSERT INTO T_TRADE (ID, COUNTRY_VALUE, MIN_VALUE, MAX_VALUE, VALUE, FOREIGN_TRADE)
VALUES (93, 5, 41, 80, 15, 0);
INSERT INTO T_TRADE (ID, COUNTRY_VALUE, MIN_VALUE, MAX_VALUE, VALUE, FOREIGN_TRADE)
VALUES (94, 5, 81, 120, 25, 0);
INSERT INTO T_TRADE (ID, COUNTRY_VALUE, MIN_VALUE, MAX_VALUE, VALUE, FOREIGN_TRADE)
VALUES (95, 5, 121, 160, 35, 0);
INSERT INTO T_TRADE (ID, COUNTRY_VALUE, MIN_VALUE, MAX_VALUE, VALUE, FOREIGN_TRADE)
VALUES (96, 5, 161, 190, 45, 0);
INSERT INTO T_TRADE (ID, COUNTRY_VALUE, MIN_VALUE, MAX_VALUE, VALUE, FOREIGN_TRADE)
VALUES (97, 5, 191, 220, 60, 0);
INSERT INTO T_TRADE (ID, COUNTRY_VALUE, MIN_VALUE, MAX_VALUE, VALUE, FOREIGN_TRADE)
VALUES (98, 5, 221, 240, 75, 0);
INSERT INTO T_TRADE (ID, COUNTRY_VALUE, MIN_VALUE, MAX_VALUE, VALUE, FOREIGN_TRADE)
VALUES (99, 5, 241, 250, 90, 0);
INSERT INTO T_TRADE (ID, COUNTRY_VALUE, MIN_VALUE, MAX_VALUE, VALUE, FOREIGN_TRADE)
VALUES (100, 5, 251, NULL, 100, 0);

-- Neutral
INSERT INTO stack (ID, ID_GAME, R_PROVINCE)
VALUES (1, 1, 'B_TECH_21');
INSERT INTO counter (ID, ID_STACK, TYPE, R_COUNTRY)
VALUES (1, 1, 'TECH_ARQUEBUS', NULL);
INSERT INTO stack (ID, ID_GAME, R_PROVINCE)
VALUES (2, 1, 'B_TECH_40');
INSERT INTO counter (ID, ID_STACK, TYPE, R_COUNTRY)
VALUES (2, 2, 'TECH_BAROQUE', NULL);
INSERT INTO stack (ID, ID_GAME, R_PROVINCE)
VALUES (3, 1, 'B_TECH_34');
INSERT INTO counter (ID, ID_STACK, TYPE, R_COUNTRY)
VALUES (3, 3, 'TECH_BATTERY', NULL);
INSERT INTO stack (ID, ID_GAME, R_PROVINCE)
VALUES (4, 1, 'B_TECH_28');
INSERT INTO counter (ID, ID_STACK, TYPE, R_COUNTRY)
VALUES (4, 4, 'TECH_GALLEASS', NULL);
INSERT INTO stack (ID, ID_GAME, R_PROVINCE)
VALUES (5, 1, 'B_TECH_24');
INSERT INTO counter (ID, ID_STACK, TYPE, R_COUNTRY)
VALUES (5, 5, 'TECH_GALLEON_FLUYT', NULL);
INSERT INTO stack (ID, ID_GAME, R_PROVINCE)
VALUES (6, 1, 'B_TECH_67');
INSERT INTO counter (ID, ID_STACK, TYPE, R_COUNTRY)
VALUES (6, 6, 'TECH_LACE_WAR', NULL);
INSERT INTO stack (ID, ID_GAME, R_PROVINCE)
VALUES (7, 1, 'B_TECH_51');
INSERT INTO counter (ID, ID_STACK, TYPE, R_COUNTRY)
VALUES (7, 7, 'TECH_MANOEUVRE', NULL);
INSERT INTO stack (ID, ID_GAME, R_PROVINCE)
VALUES (8, 1, 'B_TECH_30');
INSERT INTO counter (ID, ID_STACK, TYPE, R_COUNTRY)
VALUES (8, 8, 'TECH_MUSKET', NULL);
INSERT INTO stack (ID, ID_GAME, R_PROVINCE)
VALUES (9, 1, 'B_TECH_11');
INSERT INTO counter (ID, ID_STACK, TYPE, R_COUNTRY)
VALUES (9, 9, 'TECH_NAE_GALEON', NULL);
INSERT INTO stack (ID, ID_GAME, R_PROVINCE)
VALUES (10, 1, 'B_TECH_10');
INSERT INTO counter (ID, ID_STACK, TYPE, R_COUNTRY)
VALUES (10, 10, 'TECH_RENAISSANCE', NULL);
INSERT INTO stack (ID, ID_GAME, R_PROVINCE)
VALUES (11, 1, 'B_TECH_68');
INSERT INTO counter (ID, ID_STACK, TYPE, R_COUNTRY)
VALUES (11, 11, 'TECH_SEVENTY_FOUR', NULL);
INSERT INTO stack (ID, ID_GAME, R_PROVINCE)
VALUES (12, 1, 'B_TECH_16');
INSERT INTO counter (ID, ID_STACK, TYPE, R_COUNTRY)
VALUES (12, 12, 'TECH_TERCIO', NULL);
INSERT INTO stack (ID, ID_GAME, R_PROVINCE)
VALUES (13, 1, 'B_TECH_58');
INSERT INTO counter (ID, ID_STACK, TYPE, R_COUNTRY)
VALUES (13, 13, 'TECH_THREE_DECKER', NULL);
INSERT INTO stack (ID, ID_GAME, R_PROVINCE)
VALUES (14, 1, 'B_TECH_44');
INSERT INTO counter (ID, ID_STACK, TYPE, R_COUNTRY)
VALUES (14, 14, 'TECH_VESSEL', NULL);

INSERT INTO stack (ID, ID_GAME, R_PROVINCE)
VALUES (15, 1, 'B_PB_0G');
INSERT INTO counter (ID, ID_STACK, TYPE, R_COUNTRY)
VALUES (15, 15, 'INFLATION', NULL);
INSERT INTO stack (ID, ID_GAME, R_PROVINCE)
VALUES (16, 1, 'B_PH_0G');
INSERT INTO counter (ID, ID_STACK, TYPE, R_COUNTRY)
VALUES (16, 16, 'PRODUCTS_OF_AMERICA_PRICE', NULL);
INSERT INTO stack (ID, ID_GAME, R_PROVINCE)
VALUES (17, 1, 'B_PH_0D');
INSERT INTO counter (ID, ID_STACK, TYPE, R_COUNTRY)
VALUES (17, 17, 'SUGAR_PRICE', NULL);
INSERT INTO stack (ID, ID_GAME, R_PROVINCE)
VALUES (18, 1, 'B_PH_1G');
INSERT INTO counter (ID, ID_STACK, TYPE, R_COUNTRY)
VALUES (18, 18, 'FISH_PRICE', NULL);
INSERT INTO stack (ID, ID_GAME, R_PROVINCE)
VALUES (19, 1, 'B_PH_1D');
INSERT INTO counter (ID, ID_STACK, TYPE, R_COUNTRY)
VALUES (19, 19, 'SALT_PRICE', NULL);
INSERT INTO stack (ID, ID_GAME, R_PROVINCE)
VALUES (20, 1, 'B_PH_2G');
INSERT INTO counter (ID, ID_STACK, TYPE, R_COUNTRY)
VALUES (20, 20, 'COTTON_PRICE', NULL);
INSERT INTO stack (ID, ID_GAME, R_PROVINCE)
VALUES (21, 1, 'B_PH_2D');
INSERT INTO counter (ID, ID_STACK, TYPE, R_COUNTRY)
VALUES (21, 21, 'SLAVES_PRICE', NULL);
INSERT INTO counter (ID, ID_STACK, TYPE, R_COUNTRY)
VALUES (22, 21, 'FURS_PRICE', NULL);
INSERT INTO stack (ID, ID_GAME, R_PROVINCE)
VALUES (23, 1, 'B_PH_4G');
INSERT INTO counter (ID, ID_STACK, TYPE, R_COUNTRY)
VALUES (23, 23, 'SPICES_PRICE', NULL);
INSERT INTO stack (ID, ID_GAME, R_PROVINCE)
VALUES (24, 1, 'B_PH_5D');
INSERT INTO counter (ID, ID_STACK, TYPE, R_COUNTRY)
VALUES (24, 24, 'SILK_PRICE', NULL);
INSERT INTO stack (ID, ID_GAME, R_PROVINCE)
VALUES (25, 1, 'B_PH_6G');
INSERT INTO counter (ID, ID_STACK, TYPE, R_COUNTRY)
VALUES (25, 25, 'PRODUCTS_OF_ORIENT_PRICE', NULL);
INSERT INTO stack (ID, ID_GAME, R_PROVINCE)
VALUES (26, 1, 'B_PROD30_1');
INSERT INTO counter (ID, ID_STACK, TYPE, R_COUNTRY)
VALUES (26, 26, 'FISH_PRODUCTION', NULL);
INSERT INTO stack (ID, ID_GAME, R_PROVINCE)
VALUES (27, 1, 'B_DR_japon');
INSERT INTO counter (ID, ID_STACK, TYPE, R_COUNTRY)
VALUES (27, 27, 'ROTW_RELATION', 'pologne');
INSERT INTO stack (ID, ID_GAME, R_PROVINCE)
VALUES (28, 1, 'ePrypec');
INSERT INTO counter (ID, ID_STACK, TYPE, R_COUNTRY)
VALUES (28, 28, 'ARMY_MINUS', 'japon');

-- England
INSERT INTO stack (ID, ID_GAME, R_PROVINCE)
VALUES (101, 1, 'B_STAB_1');
INSERT INTO counter (ID, ID_STACK, TYPE, R_COUNTRY)
VALUES (101, 101, 'STABILITY', 'angleterre');
INSERT INTO stack (ID, ID_GAME, R_PROVINCE)
VALUES (102, 1, 'eUladh');
INSERT INTO counter (ID, ID_STACK, TYPE, R_COUNTRY)
VALUES (102, 102, 'OWN', 'angleterre');
INSERT INTO stack (ID, ID_GAME, R_PROVINCE)
VALUES (103, 1, 'eConnacht');
INSERT INTO counter (ID, ID_STACK, TYPE, R_COUNTRY)
VALUES (103, 103, 'OWN', 'angleterre');
INSERT INTO stack (ID, ID_GAME, R_PROVINCE)
VALUES (104, 1, 'eBrega');
INSERT INTO counter (ID, ID_STACK, TYPE, R_COUNTRY)
VALUES (104, 104, 'OWN', 'angleterre');
INSERT INTO stack (ID, ID_GAME, R_PROVINCE)
VALUES (105, 1, 'eLaighean');
INSERT INTO counter (ID, ID_STACK, TYPE, R_COUNTRY)
VALUES (105, 105, 'OWN', 'angleterre');
INSERT INTO stack (ID, ID_GAME, R_PROVINCE)
VALUES (106, 1, 'eMumhan');
INSERT INTO counter (ID, ID_STACK, TYPE, R_COUNTRY)
VALUES (106, 106, 'OWN', 'angleterre');
INSERT INTO stack (ID, ID_GAME, R_PROVINCE)
VALUES (107, 1, 'ePicardie');
INSERT INTO counter (ID, ID_STACK, TYPE, R_COUNTRY)
VALUES (107, 107, 'FORTRESS_2', 'angleterre');
INSERT INTO stack (ID, ID_GAME, R_PROVINCE)
VALUES (108, 1, 'B_DE_angleterre-VA');
INSERT INTO counter (ID, ID_STACK, TYPE, R_COUNTRY)
VALUES (108, 108, 'DIPLOMACY', 'ecosse');
INSERT INTO stack (ID, ID_GAME, R_PROVINCE)
VALUES (109, 1, 'eMidlands');
INSERT INTO counter (ID, ID_STACK, TYPE, R_COUNTRY)
VALUES (109, 109, 'MNU_METAL_MINUS', 'angleterre');
INSERT INTO stack (ID, ID_GAME, R_PROVINCE)
VALUES (110, 1, 'eEast Anglia');
INSERT INTO counter (ID, ID_STACK, TYPE, R_COUNTRY)
VALUES (110, 110, 'MNU_CLOTHES_MINUS', 'angleterre');
INSERT INTO stack (ID, ID_GAME, R_PROVINCE)
VALUES (111, 1, 'eWessex');
INSERT INTO counter (ID, ID_STACK, TYPE, R_COUNTRY)
VALUES (111, 111, 'MNU_FISH_MINUS', 'angleterre');
INSERT INTO stack (ID, ID_GAME, R_PROVINCE)
VALUES (112, 1, 'ZPangleterre');
INSERT INTO counter (ID, ID_STACK, TYPE, R_COUNTRY)
VALUES (112, 112, 'TRADING_FLEET_MINUS', 'angleterre');
INSERT INTO stack (ID, ID_GAME, R_PROVINCE)
VALUES (113, 1, 'ZMNord');
INSERT INTO counter (ID, ID_STACK, TYPE, R_COUNTRY)
VALUES (113, 113, 'TRADING_FLEET_MINUS', 'angleterre');
INSERT INTO stack (ID, ID_GAME, R_PROVINCE)
VALUES (114, 1, 'ZPBaltique');
INSERT INTO counter (ID, ID_STACK, TYPE, R_COUNTRY)
VALUES (114, 114, 'TRADING_FLEET_MINUS', 'angleterre');
INSERT INTO stack (ID, ID_GAME, R_PROVINCE)
VALUES (115, 1, 'ZMCanarias');
INSERT INTO counter (ID, ID_STACK, TYPE, R_COUNTRY)
VALUES (115, 115, 'TRADING_FLEET_MINUS', 'angleterre');
INSERT INTO stack (ID, ID_GAME, R_PROVINCE)
VALUES (116, 1, 'B_TECH_5');
INSERT INTO counter (ID, ID_STACK, TYPE, R_COUNTRY)
VALUES (116, 116, 'TECH_LAND', 'angleterre');
INSERT INTO stack (ID, ID_GAME, R_PROVINCE)
VALUES (117, 1, 'B_TECH_9');
INSERT INTO counter (ID, ID_STACK, TYPE, R_COUNTRY)
VALUES (117, 117, 'TECH_NAVAL', 'angleterre');
INSERT INTO stack (ID, ID_GAME, R_PROVINCE)
VALUES (118, 1, 'eEast Anglia');
INSERT INTO counter (ID, ID_STACK, TYPE, R_COUNTRY)
VALUES (118, 118, 'ARMY_MINUS', 'angleterre');
INSERT INTO counter (ID, ID_STACK, TYPE, R_COUNTRY)
VALUES (119, 118, 'LAND_DETACHMENT', 'angleterre');
INSERT INTO stack (ID, ID_GAME, R_PROVINCE)
VALUES (119, 1, 'eEast Anglia');
INSERT INTO counter (ID, ID_STACK, TYPE, R_COUNTRY)
VALUES (120, 119, 'FLEET_MINUS', 'angleterre');
INSERT INTO counter (ID, ID_STACK, TYPE, R_COUNTRY)
VALUES (121, 119, 'NAVAL_DETACHMENT', 'angleterre');
INSERT INTO counter (ID, ID_STACK, TYPE, R_COUNTRY)
VALUES (122, 119, 'NAVAL_TRANSPORT', 'angleterre');


-- France
INSERT INTO stack (ID, ID_GAME, R_PROVINCE)
VALUES (201, 1, 'B_STAB_3');
INSERT INTO counter (ID, ID_STACK, TYPE, R_COUNTRY)
VALUES (201, 201, 'STABILITY', 'france');
INSERT INTO stack (ID, ID_GAME, R_PROVINCE)
VALUES (202, 1, 'B_DE_france-MA');
INSERT INTO counter (ID, ID_STACK, TYPE, R_COUNTRY)
VALUES (202, 202, 'DIPLOMACY', 'savoie');
INSERT INTO stack (ID, ID_GAME, R_PROVINCE)
VALUES (203, 1, 'eChampagne');
INSERT INTO counter (ID, ID_STACK, TYPE, R_COUNTRY)
VALUES (203, 203, 'MNU_METAL_MINUS', 'france');
INSERT INTO stack (ID, ID_GAME, R_PROVINCE)
VALUES (204, 1, 'eGuyenne');
INSERT INTO counter (ID, ID_STACK, TYPE, R_COUNTRY)
VALUES (204, 204, 'MNU_WINE_MINUS', 'france');
INSERT INTO stack (ID, ID_GAME, R_PROVINCE)
VALUES (205, 1, 'ZPfrance');
INSERT INTO counter (ID, ID_STACK, TYPE, R_COUNTRY)
VALUES (205, 205, 'TRADING_FLEET_MINUS', 'france');
INSERT INTO stack (ID, ID_GAME, R_PROVINCE)
VALUES (206, 1, 'ZMLion');
INSERT INTO counter (ID, ID_STACK, TYPE, R_COUNTRY)
VALUES (206, 206, 'TRADING_FLEET_MINUS', 'france');
INSERT INTO stack (ID, ID_GAME, R_PROVINCE)
VALUES (207, 1, 'ZMIonienne');
INSERT INTO counter (ID, ID_STACK, TYPE, R_COUNTRY)
VALUES (207, 207, 'TRADING_FLEET_MINUS', 'france');
INSERT INTO stack (ID, ID_GAME, R_PROVINCE)
VALUES (208, 1, 'ZMCanarias');
INSERT INTO counter (ID, ID_STACK, TYPE, R_COUNTRY)
VALUES (208, 208, 'TRADING_FLEET_MINUS', 'france');
INSERT INTO counter (ID, ID_STACK, TYPE, R_COUNTRY)
VALUES (209, 117, 'TECH_LAND', 'france');
INSERT INTO stack (ID, ID_GAME, R_PROVINCE)
VALUES (210, 1, 'B_TECH_7');
INSERT INTO counter (ID, ID_STACK, TYPE, R_COUNTRY)
VALUES (210, 210, 'TECH_NAVAL', 'france');
INSERT INTO stack (ID, ID_GAME, R_PROVINCE)
VALUES (211, 1, 'eIle-de-France');
INSERT INTO counter (ID, ID_STACK, TYPE, R_COUNTRY)
VALUES (211, 211, 'ARMY_PLUS', 'france');
INSERT INTO counter (ID, ID_STACK, TYPE, R_COUNTRY)
VALUES (212, 211, 'ARMY_MINUS', 'france');
INSERT INTO counter (ID, ID_STACK, TYPE, R_COUNTRY)
VALUES (213, 211, 'LAND_DETACHMENT', 'france');
INSERT INTO stack (ID, ID_GAME, R_PROVINCE)
VALUES (212, 1, 'eProvence');
INSERT INTO counter (ID, ID_STACK, TYPE, R_COUNTRY)
VALUES (214, 212, 'NAVAL_DETACHMENT', 'france');


-- Spain
INSERT INTO stack (ID, ID_GAME, R_PROVINCE)
VALUES (301, 1, 'B_STAB_2');
INSERT INTO counter (ID, ID_STACK, TYPE, R_COUNTRY)
VALUES (301, 301, 'STABILITY', 'espagne');
INSERT INTO stack (ID, ID_GAME, R_PROVINCE)
VALUES (302, 1, 'eIlles Balears');
INSERT INTO counter (ID, ID_STACK, TYPE, R_COUNTRY)
VALUES (302, 302, 'OWN', 'espagne');
INSERT INTO stack (ID, ID_GAME, R_PROVINCE)
VALUES (303, 1, 'eRosselo');
INSERT INTO counter (ID, ID_STACK, TYPE, R_COUNTRY)
VALUES (303, 303, 'OWN', 'espagne');
INSERT INTO stack (ID, ID_GAME, R_PROVINCE)
VALUES (304, 1, 'eSaldigna');
INSERT INTO counter (ID, ID_STACK, TYPE, R_COUNTRY)
VALUES (304, 304, 'OWN', 'espagne');
INSERT INTO stack (ID, ID_GAME, R_PROVINCE)
VALUES (305, 1, 'eSicilia');
INSERT INTO counter (ID, ID_STACK, TYPE, R_COUNTRY)
VALUES (305, 305, 'OWN', 'espagne');
INSERT INTO stack (ID, ID_GAME, R_PROVINCE)
VALUES (306, 1, 'ePalermo');
INSERT INTO counter (ID, ID_STACK, TYPE, R_COUNTRY)
VALUES (306, 306, 'OWN', 'espagne');
INSERT INTO stack (ID, ID_GAME, R_PROVINCE)
VALUES (307, 1, 'eMalta');
INSERT INTO counter (ID, ID_STACK, TYPE, R_COUNTRY)
VALUES (307, 307, 'OWN', 'espagne');
INSERT INTO stack (ID, ID_GAME, R_PROVINCE)
VALUES (308, 1, 'eIslas Canarias');
INSERT INTO counter (ID, ID_STACK, TYPE, R_COUNTRY)
VALUES (308, 308, 'OWN', 'espagne');
INSERT INTO stack (ID, ID_GAME, R_PROVINCE)
VALUES (309, 1, 'B_DE_espagne-SUB');
INSERT INTO counter (ID, ID_STACK, TYPE, R_COUNTRY)
VALUES (309, 309, 'DIPLOMACY', 'genes');
INSERT INTO stack (ID, ID_GAME, R_PROVINCE)
VALUES (310, 1, 'B_DE_espagne-RM');
INSERT INTO counter (ID, ID_STACK, TYPE, R_COUNTRY)
VALUES (310, 310, 'DIPLOMACY', 'papaute');
INSERT INTO counter (ID, ID_STACK, TYPE, R_COUNTRY)
VALUES (311, 310, 'DIPLOMACY', 'naples');
INSERT INTO stack (ID, ID_GAME, R_PROVINCE)
VALUES (312, 1, 'eTooledo');
INSERT INTO counter (ID, ID_STACK, TYPE, R_COUNTRY)
VALUES (312, 312, 'MNU_METAL_MINUS', 'espagne');
INSERT INTO stack (ID, ID_GAME, R_PROVINCE)
VALUES (313, 1, 'ZPespagne');
INSERT INTO counter (ID, ID_STACK, TYPE, R_COUNTRY)
VALUES (313, 313, 'TRADING_FLEET_MINUS', 'espagne');
INSERT INTO stack (ID, ID_GAME, R_PROVINCE)
VALUES (314, 1, 'ZMLion');
INSERT INTO counter (ID, ID_STACK, TYPE, R_COUNTRY)
VALUES (314, 314, 'TRADING_FLEET_MINUS', 'espagne');
INSERT INTO stack (ID, ID_GAME, R_PROVINCE)
VALUES (315, 1, 'ZMCanarias');
INSERT INTO counter (ID, ID_STACK, TYPE, R_COUNTRY)
VALUES (315, 315, 'TRADING_FLEET_MINUS', 'espagne');
INSERT INTO counter (ID, ID_STACK, TYPE, R_COUNTRY)
VALUES (316, 210, 'TECH_LAND', 'espagne');
INSERT INTO counter (ID, ID_STACK, TYPE, R_COUNTRY)
VALUES (317, 117, 'TECH_NAVAL', 'espagne');
INSERT INTO stack (ID, ID_GAME, R_PROVINCE)
VALUES (318, 1, 'eAndalucia');
INSERT INTO counter (ID, ID_STACK, TYPE, R_COUNTRY)
VALUES (318, 318, 'ARMY_PLUS', 'espagne');
INSERT INTO stack (ID, ID_GAME, R_PROVINCE)
VALUES (319, 1, 'eAndalucia');
INSERT INTO counter (ID, ID_STACK, TYPE, R_COUNTRY)
VALUES (319, 319, 'FLEET_MINUS', 'espagne');
INSERT INTO counter (ID, ID_STACK, TYPE, R_COUNTRY)
VALUES (320, 319, 'NAVAL_DETACHMENT', 'espagne');
INSERT INTO counter (ID, ID_STACK, TYPE, R_COUNTRY)
VALUES (321, 319, 'NAVAL_DETACHMENT', 'espagne');
INSERT INTO counter (ID, ID_STACK, TYPE, R_COUNTRY)
VALUES (322, 319, 'NAVAL_DETACHMENT', 'espagne');

-- polonia
INSERT INTO counter (ID, ID_STACK, TYPE, R_COUNTRY)
VALUES (401, 301, 'STABILITY', 'pologne');
INSERT INTO stack (ID, ID_GAME, R_PROVINCE)
VALUES (402, 1, 'B_DE_pologne-VA');
INSERT INTO counter (ID, ID_STACK, TYPE, R_COUNTRY)
VALUES (402, 402, 'DIPLOMACY', 'ukraine');
INSERT INTO stack (ID, ID_GAME, R_PROVINCE)
VALUES (403, 1, 'B_DE_pologne-RM');
INSERT INTO counter (ID, ID_STACK, TYPE, R_COUNTRY)
VALUES (403, 403, 'DIPLOMACY', 'hongrie');
INSERT INTO counter (ID, ID_STACK, TYPE, R_COUNTRY)
VALUES (404, 403, 'DIPLOMACY', 'boheme');
INSERT INTO stack (ID, ID_GAME, R_PROVINCE)
VALUES (405, 1, 'eLietuva');
INSERT INTO counter (ID, ID_STACK, TYPE, R_COUNTRY)
VALUES (405, 405, 'MNU_CEREALS_MINUS', 'pologne');
INSERT INTO stack (ID, ID_GAME, R_PROVINCE)
VALUES (406, 1, 'eWielkopolska');
INSERT INTO counter (ID, ID_STACK, TYPE, R_COUNTRY)
VALUES (406, 406, 'MNU_METAL_MINUS', 'pologne');
INSERT INTO stack (ID, ID_GAME, R_PROVINCE)
VALUES (407, 1, 'B_TECH_6');
INSERT INTO counter (ID, ID_STACK, TYPE, R_COUNTRY)
VALUES (407, 407, 'TECH_LAND', 'pologne');
INSERT INTO counter (ID, ID_STACK, TYPE, R_COUNTRY)
VALUES (408, 407, 'TECH_NAVAL', 'pologne');
INSERT INTO stack (ID, ID_GAME, R_PROVINCE)
VALUES (409, 1, 'eMalopolska');
INSERT INTO counter (ID, ID_STACK, TYPE, R_COUNTRY)
VALUES (409, 409, 'ARMY_PLUS', 'pologne');
INSERT INTO stack (ID, ID_GAME, R_PROVINCE)
VALUES (410, 1, 'eLietuva');
INSERT INTO counter (ID, ID_STACK, TYPE, R_COUNTRY)
VALUES (410, 410, 'ARMY_PLUS', 'pologne');
INSERT INTO stack (ID, ID_GAME, R_PROVINCE)
VALUES (411, 1, 'eUkrainya');
INSERT INTO counter (ID, ID_STACK, TYPE, R_COUNTRY)
VALUES (411, 411, 'ARMY_MINUS', 'ukraine');

-- portugal
INSERT INTO counter (ID, ID_STACK, TYPE, R_COUNTRY)
VALUES (501, 201, 'STABILITY', 'portugal');
INSERT INTO stack (ID, ID_GAME, R_PROVINCE)
VALUES (502, 1, 'eTanger');
INSERT INTO counter (ID, ID_STACK, TYPE, R_COUNTRY)
VALUES (502, 502, 'OWN', 'portugal');
INSERT INTO stack (ID, ID_GAME, R_PROVINCE)
VALUES (503, 1, 'eAcores');
INSERT INTO counter (ID, ID_STACK, TYPE, R_COUNTRY)
VALUES (503, 503, 'OWN', 'portugal');
INSERT INTO stack (ID, ID_GAME, R_PROVINCE)
VALUES (504, 1, 'rCabo Verde~I');
INSERT INTO counter (ID, ID_STACK, TYPE, R_COUNTRY)
VALUES (504, 504, 'COLONY_PLUS', 'portugal');
INSERT INTO stack (ID, ID_GAME, R_PROVINCE)
VALUES (505, 1, 'rCotedor~W');
INSERT INTO counter (ID, ID_STACK, TYPE, R_COUNTRY)
VALUES (505, 505, 'TRADING_POST_MINUS', 'portugal');
-- TODO mission
INSERT INTO stack (ID, ID_GAME, R_PROVINCE)
VALUES (506, 1, 'eTejo');
INSERT INTO counter (ID, ID_STACK, TYPE, R_COUNTRY)
VALUES (506, 506, 'MNU_INSTRUMENTS_MINUS', 'portugal');
INSERT INTO stack (ID, ID_GAME, R_PROVINCE)
VALUES (507, 1, 'eTras-os-Montes');
INSERT INTO counter (ID, ID_STACK, TYPE, R_COUNTRY)
VALUES (507, 507, 'MNU_WINE_MINUS', 'portugal');
INSERT INTO stack (ID, ID_GAME, R_PROVINCE)
VALUES (508, 1, 'ZMCanarias');
INSERT INTO counter (ID, ID_STACK, TYPE, R_COUNTRY)
VALUES (508, 508, 'TRADING_FLEET_MINUS', 'portugal');
INSERT INTO stack (ID, ID_GAME, R_PROVINCE)
VALUES (509, 1, 'ZMGuinee');
INSERT INTO counter (ID, ID_STACK, TYPE, R_COUNTRY)
VALUES (509, 509, 'TRADING_FLEET_MINUS', 'portugal');
INSERT INTO counter (ID, ID_STACK, TYPE, R_COUNTRY)
VALUES (510, 210, 'TECH_LAND', 'portugal');
INSERT INTO counter (ID, ID_STACK, TYPE, R_COUNTRY)
VALUES (511, 10, 'TECH_NAVAL', 'portugal');
INSERT INTO stack (ID, ID_GAME, R_PROVINCE)
VALUES (512, 1, 'eTejo');
INSERT INTO counter (ID, ID_STACK, TYPE, R_COUNTRY)
VALUES (512, 512, 'ARMY_MINUS', 'portugal');
INSERT INTO counter (ID, ID_STACK, TYPE, R_COUNTRY)
VALUES (513, 512, 'LAND_DETACHMENT', 'portugal');
INSERT INTO stack (ID, ID_GAME, R_PROVINCE)
VALUES (513, 1, 'eTejo');
INSERT INTO counter (ID, ID_STACK, TYPE, R_COUNTRY)
VALUES (514, 513, 'FLEET_MINUS', 'portugal');

-- Russia
INSERT INTO counter (ID, ID_STACK, TYPE, R_COUNTRY)
VALUES (601, 201, 'STABILITY', 'russie');
INSERT INTO stack (ID, ID_GAME, R_PROVINCE)
VALUES (602, 1, 'B_DE_russie-MA');
INSERT INTO counter (ID, ID_STACK, TYPE, R_COUNTRY)
VALUES (602, 602, 'DIPLOMACY', 'kazan');
INSERT INTO stack (ID, ID_GAME, R_PROVINCE)
VALUES (603, 1, 'B_DE_russie-RM');
INSERT INTO counter (ID, ID_STACK, TYPE, R_COUNTRY)
VALUES (603, 603, 'DIPLOMACY', 'crimee');
INSERT INTO stack (ID, ID_GAME, R_PROVINCE)
VALUES (604, 1, 'eNovgorod');
INSERT INTO counter (ID, ID_STACK, TYPE, R_COUNTRY)
VALUES (604, 604, 'MNU_CEREALS_MINUS', 'russie');
INSERT INTO stack (ID, ID_GAME, R_PROVINCE)
VALUES (605, 1, 'B_TECH_4');
INSERT INTO counter (ID, ID_STACK, TYPE, R_COUNTRY)
VALUES (605, 605, 'TECH_LAND', 'russie');
INSERT INTO counter (ID, ID_STACK, TYPE, R_COUNTRY)
VALUES (606, 605, 'TECH_NAVAL', 'russie');
INSERT INTO stack (ID, ID_GAME, R_PROVINCE)
VALUES (606, 1, 'eMoskva');
INSERT INTO counter (ID, ID_STACK, TYPE, R_COUNTRY)
VALUES (607, 606, 'ARMY_PLUS', 'russie');
INSERT INTO counter (ID, ID_STACK, TYPE, R_COUNTRY)
VALUES (608, 606, 'ARMY_PLUS', 'russie');
INSERT INTO counter (ID, ID_STACK, TYPE, R_COUNTRY)
VALUES (609, 606, 'ARMY_PLUS', 'russie');

-- Turkey
INSERT INTO counter (ID, ID_STACK, TYPE, R_COUNTRY)
VALUES (701, 301, 'STABILITY', 'turquie');
INSERT INTO stack (ID, ID_GAME, R_PROVINCE)
VALUES (702, 1, 'eAlabania');
INSERT INTO counter (ID, ID_STACK, TYPE, R_COUNTRY)
VALUES (702, 702, 'OWN', 'turquie');
INSERT INTO stack (ID, ID_GAME, R_PROVINCE)
VALUES (703, 1, 'eHellas');
INSERT INTO counter (ID, ID_STACK, TYPE, R_COUNTRY)
VALUES (703, 703, 'OWN', 'turquie');
INSERT INTO stack (ID, ID_GAME, R_PROVINCE)
VALUES (704, 1, 'eMoreas');
INSERT INTO counter (ID, ID_STACK, TYPE, R_COUNTRY)
VALUES (704, 704, 'OWN', 'turquie');
INSERT INTO stack (ID, ID_GAME, R_PROVINCE)
VALUES (705, 1, 'eCaffa');
INSERT INTO counter (ID, ID_STACK, TYPE, R_COUNTRY)
VALUES (705, 705, 'OWN', 'turquie');
-- TODO mission
INSERT INTO stack (ID, ID_GAME, R_PROVINCE)
VALUES (706, 1, 'B_DE_turquie-VA');
INSERT INTO counter (ID, ID_STACK, TYPE, R_COUNTRY)
VALUES (706, 706, 'DIPLOMACY', 'valachie');
INSERT INTO stack (ID, ID_GAME, R_PROVINCE)
VALUES (707, 1, 'B_DE_turquie-RM');
INSERT INTO counter (ID, ID_STACK, TYPE, R_COUNTRY)
VALUES (707, 707, 'DIPLOMACY', 'moldavie');
INSERT INTO stack (ID, ID_GAME, R_PROVINCE)
VALUES (708, 1, 'eTrakya');
INSERT INTO counter (ID, ID_STACK, TYPE, R_COUNTRY)
VALUES (708, 708, 'MNU_ART_MINUS', 'turquie');
INSERT INTO stack (ID, ID_GAME, R_PROVINCE)
VALUES (709, 1, 'ZPturquie');
INSERT INTO counter (ID, ID_STACK, TYPE, R_COUNTRY)
VALUES (709, 709, 'TRADING_FLEET_MINUS', 'turquie');
INSERT INTO stack (ID, ID_GAME, R_PROVINCE)
VALUES (710, 1, 'ZMNoire W');
INSERT INTO counter (ID, ID_STACK, TYPE, R_COUNTRY)
VALUES (710, 710, 'TRADING_FLEET_MINUS', 'turquie');
INSERT INTO stack (ID, ID_GAME, R_PROVINCE)
VALUES (711, 1, 'B_TECH_8');
INSERT INTO counter (ID, ID_STACK, TYPE, R_COUNTRY)
VALUES (711, 711, 'TECH_LAND', 'turquie');
INSERT INTO counter (ID, ID_STACK, TYPE, R_COUNTRY)
VALUES (712, 711, 'TECH_NAVAL', 'turquie');
INSERT INTO stack (ID, ID_GAME, R_PROVINCE)
VALUES (713, 1, 'eTrakya');
INSERT INTO counter (ID, ID_STACK, TYPE, R_COUNTRY)
VALUES (713, 713, 'ARMY_MINUS', 'turquie');
INSERT INTO counter (ID, ID_STACK, TYPE, R_COUNTRY)
VALUES (714, 713, 'ARMY_TIMAR_PLUS', 'turquie');
INSERT INTO counter (ID, ID_STACK, TYPE, R_COUNTRY)
VALUES (715, 713, 'ARMY_TIMAR_PLUS', 'turquie');
INSERT INTO counter (ID, ID_STACK, TYPE, R_COUNTRY)
VALUES (716, 713, 'ARMY_TIMAR_PLUS', 'turquie');
INSERT INTO stack (ID, ID_GAME, R_PROVINCE)
VALUES (714, 1, 'eTrakya');
INSERT INTO counter (ID, ID_STACK, TYPE, R_COUNTRY)
VALUES (717, 714, 'FLEET_MINUS', 'turquie');
-- TODO pashas

-- Venetia
INSERT INTO counter (ID, ID_STACK, TYPE, R_COUNTRY)
VALUES (801, 201, 'STABILITY', 'venise');
INSERT INTO stack (ID, ID_GAME, R_PROVINCE)
VALUES (802, 1, 'eDalmacija');
INSERT INTO counter (ID, ID_STACK, TYPE, R_COUNTRY)
VALUES (802, 802, 'OWN', 'venise');
INSERT INTO stack (ID, ID_GAME, R_PROVINCE)
VALUES (803, 1, 'eCorfu');
INSERT INTO counter (ID, ID_STACK, TYPE, R_COUNTRY)
VALUES (803, 803, 'OWN', 'venise');
INSERT INTO stack (ID, ID_GAME, R_PROVINCE)
VALUES (804, 1, 'eKreta');
INSERT INTO counter (ID, ID_STACK, TYPE, R_COUNTRY)
VALUES (804, 804, 'OWN', 'venise');
INSERT INTO stack (ID, ID_GAME, R_PROVINCE)
VALUES (805, 1, 'eCyclades');
INSERT INTO counter (ID, ID_STACK, TYPE, R_COUNTRY)
VALUES (805, 805, 'OWN', 'venise');
INSERT INTO stack (ID, ID_GAME, R_PROVINCE)
VALUES (806, 1, 'eChypre');
INSERT INTO counter (ID, ID_STACK, TYPE, R_COUNTRY)
VALUES (806, 806, 'OWN', 'venise');
INSERT INTO stack (ID, ID_GAME, R_PROVINCE)
VALUES (807, 1, 'B_DE_venise-SUB');
INSERT INTO counter (ID, ID_STACK, TYPE, R_COUNTRY)
VALUES (807, 807, 'DIPLOMACY', 'mamelouks');
INSERT INTO stack (ID, ID_GAME, R_PROVINCE)
VALUES (808, 1, 'eVeneto');
INSERT INTO counter (ID, ID_STACK, TYPE, R_COUNTRY)
VALUES (808, 808, 'MNU_SALT_PLUS', 'venise');
INSERT INTO stack (ID, ID_GAME, R_PROVINCE)
VALUES (809, 1, 'eVeneto');
INSERT INTO counter (ID, ID_STACK, TYPE, R_COUNTRY)
VALUES (809, 809, 'MNU_ART_MINUS', 'venise');
INSERT INTO stack (ID, ID_GAME, R_PROVINCE)
VALUES (810, 1, 'eChypre');
INSERT INTO counter (ID, ID_STACK, TYPE, R_COUNTRY)
VALUES (810, 810, 'MNU_WINE_MINUS', 'venise');
INSERT INTO stack (ID, ID_GAME, R_PROVINCE)
VALUES (811, 1, 'ZPvenise');
INSERT INTO counter (ID, ID_STACK, TYPE, R_COUNTRY)
VALUES (811, 811, 'TRADING_FLEET_PLUS', 'venise');
INSERT INTO stack (ID, ID_GAME, R_PROVINCE)
VALUES (812, 1, 'ZPturquie');
INSERT INTO counter (ID, ID_STACK, TYPE, R_COUNTRY)
VALUES (812, 812, 'TRADING_FLEET_MINUS', 'venise');
INSERT INTO stack (ID, ID_GAME, R_PROVINCE)
VALUES (813, 1, 'ZMIonienne');
INSERT INTO counter (ID, ID_STACK, TYPE, R_COUNTRY)
VALUES (813, 813, 'TRADING_FLEET_MINUS', 'venise');
INSERT INTO stack (ID, ID_GAME, R_PROVINCE)
VALUES (814, 1, 'ZMNoire W');
INSERT INTO counter (ID, ID_STACK, TYPE, R_COUNTRY)
VALUES (814, 814, 'TRADING_FLEET_MINUS', 'venise');
INSERT INTO stack (ID, ID_GAME, R_PROVINCE)
VALUES (815, 1, 'eVeneto');
INSERT INTO counter (ID, ID_STACK, TYPE, R_COUNTRY)
VALUES (815, 815, 'TRADE_CENTER_MEDITERRANEAN', NULL);
INSERT INTO counter (ID, ID_STACK, TYPE, R_COUNTRY)
VALUES (816, 116, 'TECH_LAND', 'venise');
INSERT INTO counter (ID, ID_STACK, TYPE, R_COUNTRY)
VALUES (817, 117, 'TECH_NAVAL', 'venise');
INSERT INTO stack (ID, ID_GAME, R_PROVINCE)
VALUES (816, 1, 'eVeneto');
INSERT INTO counter (ID, ID_STACK, TYPE, R_COUNTRY)
VALUES (818, 816, 'ARMY_MINUS', 'venise');
INSERT INTO stack (ID, ID_GAME, R_PROVINCE)
VALUES (817, 1, 'eVeneto');
INSERT INTO counter (ID, ID_STACK, TYPE, R_COUNTRY)
VALUES (819, 817, 'FLEET_PLUS', 'venise');
INSERT INTO stack (ID, ID_GAME, R_PROVINCE)
VALUES (818, 1, 'eMoreas');
INSERT INTO counter (ID, ID_STACK, TYPE, R_COUNTRY)
VALUES (820, 818, 'FORTRESS_2', 'venise');
INSERT INTO stack (ID, ID_GAME, R_PROVINCE)
VALUES (819, 1, 'eAlabania');
INSERT INTO counter (ID, ID_STACK, TYPE, R_COUNTRY)
VALUES (821, 819, 'FORTRESS_2', 'venise');
INSERT INTO stack (ID, ID_GAME, R_PROVINCE)
VALUES (820, 1, 'eHellas');
INSERT INTO counter (ID, ID_STACK, TYPE, R_COUNTRY)
VALUES (822, 820, 'FORTRESS_1', 'venise');
INSERT INTO stack (ID, ID_GAME, R_PROVINCE)
VALUES (821, 1, 'eMontenegro');
INSERT INTO counter (ID, ID_STACK, TYPE, R_COUNTRY)
VALUES (823, 821, 'FORTRESS_1', 'venise');

-- Minor countries
INSERT INTO stack (ID, ID_GAME, R_PROVINCE)
VALUES (901, 1, 'eBresse');
INSERT INTO counter (ID, ID_STACK, TYPE, R_COUNTRY)
VALUES (901, 901, 'OWN', 'savoie');
INSERT INTO stack (ID, ID_GAME, R_PROVINCE)
VALUES (902, 1, 'eGotland');
INSERT INTO counter (ID, ID_STACK, TYPE, R_COUNTRY)
VALUES (902, 902, 'OWN', 'danemark');
INSERT INTO stack (ID, ID_GAME, R_PROVINCE)
VALUES (903, 1, 'eVastergotland');
INSERT INTO counter (ID, ID_STACK, TYPE, R_COUNTRY)
VALUES (903, 903, 'OWN', 'danemark');
INSERT INTO stack (ID, ID_GAME, R_PROVINCE)
VALUES (904, 1, 'eSkane');
INSERT INTO counter (ID, ID_STACK, TYPE, R_COUNTRY)
VALUES (904, 904, 'OWN', 'danemark');
INSERT INTO stack (ID, ID_GAME, R_PROVINCE)
VALUES (905, 1, 'ZPhollande');
INSERT INTO counter (ID, ID_STACK, TYPE, R_COUNTRY)
VALUES (905, 905, 'TRADING_FLEET_PLUS', 'hollande');
INSERT INTO stack (ID, ID_GAME, R_PROVINCE)
VALUES (906, 1, 'ZPespagne');
INSERT INTO counter (ID, ID_STACK, TYPE, R_COUNTRY)
VALUES (906, 906, 'TRADING_FLEET_MINUS', 'hollande');
INSERT INTO stack (ID, ID_GAME, R_PROVINCE)
VALUES (907, 1, 'ZPangleterre');
INSERT INTO counter (ID, ID_STACK, TYPE, R_COUNTRY)
VALUES (907, 907, 'TRADING_FLEET_MINUS', 'hollande');
INSERT INTO stack (ID, ID_GAME, R_PROVINCE)
VALUES (908, 1, 'ZPfrance');
INSERT INTO counter (ID, ID_STACK, TYPE, R_COUNTRY)
VALUES (908, 908, 'TRADING_FLEET_PLUS', 'hollande');
INSERT INTO stack (ID, ID_GAME, R_PROVINCE)
VALUES (909, 1, 'ZPBaltique');
INSERT INTO counter (ID, ID_STACK, TYPE, R_COUNTRY)
VALUES (909, 909, 'TRADING_FLEET_PLUS', 'hollande');
INSERT INTO stack (ID, ID_GAME, R_PROVINCE)
VALUES (910, 1, 'ZMNord');
INSERT INTO counter (ID, ID_STACK, TYPE, R_COUNTRY)
VALUES (910, 910, 'TRADING_FLEET_PLUS', 'hollande');
INSERT INTO stack (ID, ID_GAME, R_PROVINCE)
VALUES (911, 1, 'ZMLion');
INSERT INTO counter (ID, ID_STACK, TYPE, R_COUNTRY)
VALUES (911, 911, 'TRADING_FLEET_MINUS', 'hollande');
INSERT INTO stack (ID, ID_GAME, R_PROVINCE)
VALUES (912, 1, 'ZMIonienne');
INSERT INTO counter (ID, ID_STACK, TYPE, R_COUNTRY)
VALUES (912, 912, 'TRADING_FLEET_MINUS', 'hollande');
INSERT INTO stack (ID, ID_GAME, R_PROVINCE)
VALUES (913, 1, 'eVlaanderen');
INSERT INTO counter (ID, ID_STACK, TYPE, R_COUNTRY)
VALUES (913, 913, 'TRADE_CENTER_ATLANTIC', NULL);
INSERT INTO stack (ID, ID_GAME, R_PROVINCE)
VALUES (914, 1, 'ZMNord');
INSERT INTO counter (ID, ID_STACK, TYPE, R_COUNTRY)
VALUES (914, 914, 'TRADING_FLEET_MINUS', 'ecosse');
INSERT INTO stack (ID, ID_GAME, R_PROVINCE)
VALUES (915, 1, 'ZMNord');
INSERT INTO counter (ID, ID_STACK, TYPE, R_COUNTRY)
VALUES (915, 915, 'TRADING_FLEET_MINUS', 'danemark');
INSERT INTO stack (ID, ID_GAME, R_PROVINCE)
VALUES (916, 1, 'ZPBaltique');
INSERT INTO counter (ID, ID_STACK, TYPE, R_COUNTRY)
VALUES (916, 916, 'TRADING_FLEET_MINUS', 'danemark');
INSERT INTO stack (ID, ID_GAME, R_PROVINCE)
VALUES (917, 1, 'ZMNord');
INSERT INTO counter (ID, ID_STACK, TYPE, R_COUNTRY)
VALUES (917, 917, 'TRADING_FLEET_MINUS', 'hanse');
INSERT INTO stack (ID, ID_GAME, R_PROVINCE)
VALUES (918, 1, 'ZPBaltique');
INSERT INTO counter (ID, ID_STACK, TYPE, R_COUNTRY)
VALUES (918, 918, 'TRADING_FLEET_MINUS', 'hanse');
INSERT INTO stack (ID, ID_GAME, R_PROVINCE)
VALUES (919, 1, 'ZPBaltique');
INSERT INTO counter (ID, ID_STACK, TYPE, R_COUNTRY)
VALUES (919, 919, 'TRADING_FLEET_MINUS', 'suede');
INSERT INTO stack (ID, ID_GAME, R_PROVINCE)
VALUES (920, 1, 'ZMLion');
INSERT INTO counter (ID, ID_STACK, TYPE, R_COUNTRY)
VALUES (920, 920, 'TRADING_FLEET_MINUS', 'genes');
INSERT INTO stack (ID, ID_GAME, R_PROVINCE)
VALUES (921, 1, 'ZPespagne');
INSERT INTO counter (ID, ID_STACK, TYPE, R_COUNTRY)
VALUES (921, 921, 'TRADING_FLEET_PLUS', 'genes');
INSERT INTO stack (ID, ID_GAME, R_PROVINCE)
VALUES (922, 1, 'ZMIonienne');
INSERT INTO counter (ID, ID_STACK, TYPE, R_COUNTRY)
VALUES (922, 922, 'TRADING_FLEET_MINUS', 'genes');
INSERT INTO stack (ID, ID_GAME, R_PROVINCE)
VALUES (923, 1, 'ZMOman');
INSERT INTO counter (ID, ID_STACK, TYPE, R_COUNTRY)
VALUES (923, 923, 'TRADING_FLEET_MINUS', 'oman');
INSERT INTO stack (ID, ID_GAME, R_PROVINCE)
VALUES (924, 1, 'ZMIndien');
INSERT INTO counter (ID, ID_STACK, TYPE, R_COUNTRY)
VALUES (924, 924, 'TRADING_FLEET_MINUS', 'aden');
INSERT INTO stack (ID, ID_GAME, R_PROVINCE)
VALUES (925, 1, 'ZMOman');
INSERT INTO counter (ID, ID_STACK, TYPE, R_COUNTRY)
VALUES (925, 925, 'TRADING_FLEET_PLUS', 'gujarat');
INSERT INTO stack (ID, ID_GAME, R_PROVINCE)
VALUES (926, 1, 'ZMIndien');
INSERT INTO counter (ID, ID_STACK, TYPE, R_COUNTRY)
VALUES (926, 926, 'TRADING_FLEET_MINUS', 'gujarat');
INSERT INTO stack (ID, ID_GAME, R_PROVINCE)
VALUES (927, 1, 'ZMTempetes');
INSERT INTO counter (ID, ID_STACK, TYPE, R_COUNTRY)
VALUES (927, 927, 'TRADING_FLEET_MINUS', 'gujarat');
INSERT INTO stack (ID, ID_GAME, R_PROVINCE)
VALUES (928, 1, 'ZMChine S');
INSERT INTO counter (ID, ID_STACK, TYPE, R_COUNTRY)
VALUES (928, 928, 'TRADING_FLEET_MINUS', 'japon');
INSERT INTO stack (ID, ID_GAME, R_PROVINCE)
VALUES (929, 1, 'ZMChine S');
INSERT INTO counter (ID, ID_STACK, TYPE, R_COUNTRY)
VALUES (929, 929, 'TRADING_FLEET_MINUS', 'chine');
INSERT INTO stack (ID, ID_GAME, R_PROVINCE)
VALUES (930, 1, 'rOman~E');
INSERT INTO counter (ID, ID_STACK, TYPE, R_COUNTRY)
VALUES (930, 930, 'COLONY_PLUS', 'oman');
INSERT INTO stack (ID, ID_GAME, R_PROVINCE)
VALUES (931, 1, 'rNyasa~Z');
INSERT INTO counter (ID, ID_STACK, TYPE, R_COUNTRY)
VALUES (931, 931, 'TRADING_POST_MINUS', 'oman');
INSERT INTO stack (ID, ID_GAME, R_PROVINCE)
VALUES (932, 1, 'rAden~E');
INSERT INTO counter (ID, ID_STACK, TYPE, R_COUNTRY)
VALUES (932, 932, 'COLONY_PLUS', 'aden');
INSERT INTO stack (ID, ID_GAME, R_PROVINCE)
VALUES (933, 1, 'rGujarat~W');
INSERT INTO counter (ID, ID_STACK, TYPE, R_COUNTRY)
VALUES (933, 933, 'TRADING_POST_MINUS', 'gujarat');
INSERT INTO stack (ID, ID_GAME, R_PROVINCE)
VALUES (934, 1, 'rMalacca~S');
INSERT INTO counter (ID, ID_STACK, TYPE, R_COUNTRY)
VALUES (934, 934, 'TRADING_POST_MINUS', 'gujarat');
INSERT INTO stack (ID, ID_GAME, R_PROVINCE)
VALUES (935, 1, 'rMalacca~N');
INSERT INTO counter (ID, ID_STACK, TYPE, R_COUNTRY)
VALUES (935, 935, 'TRADING_POST_MINUS', 'gujarat');
INSERT INTO stack (ID, ID_GAME, R_PROVINCE)
VALUES (936, 1, 'rNyasa~N');
INSERT INTO counter (ID, ID_STACK, TYPE, R_COUNTRY)
VALUES (936, 936, 'TRADING_POST_MINUS', 'gujarat');
INSERT INTO stack (ID, ID_GAME, R_PROVINCE)
VALUES (937, 1, 'rKenya~S');
INSERT INTO counter (ID, ID_STACK, TYPE, R_COUNTRY)
VALUES (937, 937, 'TRADING_POST_MINUS', 'gujarat');
INSERT INTO stack (ID, ID_GAME, R_PROVINCE)
VALUES (938, 1, 'rOrmus~I');
INSERT INTO counter (ID, ID_STACK, TYPE, R_COUNTRY)
VALUES (938, 938, 'TRADING_POST_MINUS', 'gujarat');
INSERT INTO stack (ID, ID_GAME, R_PROVINCE)
VALUES (939, 1, 'rMumbai~NW');
INSERT INTO counter (ID, ID_STACK, TYPE, R_COUNTRY)
VALUES (939, 939, 'TRADING_POST_MINUS', 'gujarat');
INSERT INTO stack (ID, ID_GAME, R_PROVINCE)
VALUES (940, 1, 'rMumbai~SW');
INSERT INTO counter (ID, ID_STACK, TYPE, R_COUNTRY)
VALUES (940, 940, 'TRADING_POST_MINUS', 'gujarat');
INSERT INTO stack (ID, ID_GAME, R_PROVINCE)
VALUES (941, 1, 'rMalabar~N');
INSERT INTO counter (ID, ID_STACK, TYPE, R_COUNTRY)
VALUES (941, 941, 'TRADING_POST_MINUS', 'gujarat');
INSERT INTO stack (ID, ID_GAME, R_PROVINCE)
VALUES (942, 1, 'rMalabar~S');
INSERT INTO counter (ID, ID_STACK, TYPE, R_COUNTRY)
VALUES (942, 942, 'TRADING_POST_MINUS', 'gujarat');
INSERT INTO stack (ID, ID_GAME, R_PROVINCE)
VALUES (943, 1, 'rSiberie~S');
INSERT INTO counter (ID, ID_STACK, TYPE, R_COUNTRY)
VALUES (943, 943, 'TRADING_POST_MINUS', 'siberie');

-- Chat
INSERT INTO C_ROOM_GLOBAL (ID, ID_GAME)
VALUES (1, 1);
INSERT INTO C_MESSAGE_GLOBAL (ID, ID_C_ROOM_GLOBAL, ID_COUNTRY, MESSAGE, DATE_SENT)
VALUES (1, 1, 7, 'Voir Danzig et mourir !', '2015-07-14 12:00:00');
INSERT INTO C_MESSAGE_GLOBAL (ID, ID_C_ROOM_GLOBAL, ID_COUNTRY, MESSAGE, DATE_SENT)
VALUES (2, 1, 1, '...', '2015-07-15 9:30:00');